{
  "mean": [
    21.608380644952057,
    58.95664551004219,
    84.47882523953255,
    246.5997711187497
  ],
  "scale": [
    6.039009247386651,
    11.772935513775936,
    572.9422942558082,
    2797.8461006020616
  ],
  "feature_names": [
    "temperature",
    "humidity",
    "smoke",
    "gas"
  ]
}